{
  "device": "cuda",
  "n_params": 65300348,
  "n_blocks": 26,
  "build_time_s": 2.4392755031585693,
  "warmup_e2e_s": 30.06850504875183,
  "instrumented_e2e_s": 30.118820190429688,
  "n_forward_calls": 70,
  "total_forward_s": 30.050243104808033,
  "avg_per_forward_ms": 429.2891872115433,
  "first_ctx_len": 20,
  "last_ctx_len": 89,
  "block_times_ms": {
    "embed": 1298.8510788418353,
    "  block_00.attn": 53.050145506858826,
    "  block_00.ffn": 30.90236522257328,
    "block_00": 88.17716082558036,
    "  block_01.attn": 40.027367416769266,
    "  block_01.ffn": 30.633377842605114,
    "block_01": 74.57116059958935,
    "  block_02.attn": 41.63504624739289,
    "  block_02.ffn": 32.96578396111727,
    "block_02": 78.38182896375656,
    "  block_03.attn": 42.97921806573868,
    "  block_03.ffn": 31.38365549966693,
    "block_03": 78.10364291071892,
    "  block_04.attn": 41.45136196166277,
    "  block_04.ffn": 32.83402184024453,
    "block_04": 78.0215379782021,
    "  block_05.attn": 42.58949402719736,
    "  block_05.ffn": 34.60335824638605,
    "block_05": 80.90919768437743,
    "  block_06.attn": 44.771717861294746,
    "  block_06.ffn": 40.267497301101685,
    "block_06": 88.7823342345655,
    "  block_07.attn": 45.921738259494305,
    "  block_07.ffn": 32.08412602543831,
    "block_07": 81.91621722653508,
    "  block_08.attn": 42.68058855086565,
    "  block_08.ffn": 34.90723203867674,
    "block_08": 81.39499882236123,
    "  block_09.attn": 42.99221700057387,
    "  block_09.ffn": 367.382746655494,
    "block_09": 414.3508290871978,
    "  block_10.attn": 45.502577908337116,
    "  block_10.ffn": 41.67401883751154,
    "block_10": 91.22218890115619,
    "  block_11.attn": 44.08598272129893,
    "  block_11.ffn": 361.0086599364877,
    "block_11": 409.2489406466484,
    "  block_12.attn": 47.07313748076558,
    "  block_12.ffn": 33.44517946243286,
    "block_12": 84.64534021914005,
    "  block_13.attn": 42.540502268821,
    "  block_13.ffn": 35.62462283298373,
    "block_13": 82.16683892533183,
    "  block_14.attn": 41.90057562664151,
    "  block_14.ffn": 34.37887690961361,
    "block_14": 80.07624512538314,
    "  block_15.attn": 40.62268091365695,
    "  block_15.ffn": 33.21713488548994,
    "block_15": 77.64165895059705,
    "  block_16.attn": 42.614573147147894,
    "  block_16.ffn": 42.5940346904099,
    "block_16": 89.14493722841144,
    "  block_17.attn": 46.21675377711654,
    "  block_17.ffn": 33.40635960921645,
    "block_17": 83.61155772581697,
    "  block_18.attn": 43.30337746068835,
    "  block_18.ffn": 25982.26595064625,
    "block_18": 26030.078259762377,
    "  block_19.attn": 56.77278945222497,
    "  block_19.ffn": 515.3983663767576,
    "block_19": 577.4751505814493,
    "  block_20.attn": 47.78424045071006,
    "  block_20.ffn": 41.00621910765767,
    "block_20": 93.17102888599038,
    "  block_21.attn": 46.02100560441613,
    "  block_21.ffn": 347.5214010104537,
    "block_21": 397.7809567004442,
    "  block_22.attn": 47.50062292441726,
    "  block_22.ffn": 37.93247137218714,
    "block_22": 89.57158913835883,
    "  block_23.attn": 43.09481242671609,
    "  block_23.ffn": 36.136993672698736,
    "block_23": 83.0908571369946,
    "  block_24.attn": 42.68692061305046,
    "  block_24.ffn": 32.5386100448668,
    "block_24": 79.10007191821933,
    "  block_25.attn": 42.28929290547967,
    "  block_25.ffn": 35.54240195080638,
    "block_25": 81.69731171801686,
    "head": 33.55466574430466
  },
  "block_counts": {
    "embed": 70,
    "  block_00.attn": 70,
    "  block_00.ffn": 70,
    "block_00": 70,
    "  block_01.attn": 70,
    "  block_01.ffn": 70,
    "block_01": 70,
    "  block_02.attn": 70,
    "  block_02.ffn": 70,
    "block_02": 70,
    "  block_03.attn": 70,
    "  block_03.ffn": 70,
    "block_03": 70,
    "  block_04.attn": 70,
    "  block_04.ffn": 70,
    "block_04": 70,
    "  block_05.attn": 70,
    "  block_05.ffn": 70,
    "block_05": 70,
    "  block_06.attn": 70,
    "  block_06.ffn": 70,
    "block_06": 70,
    "  block_07.attn": 70,
    "  block_07.ffn": 70,
    "block_07": 70,
    "  block_08.attn": 70,
    "  block_08.ffn": 70,
    "block_08": 70,
    "  block_09.attn": 70,
    "  block_09.ffn": 70,
    "block_09": 70,
    "  block_10.attn": 70,
    "  block_10.ffn": 70,
    "block_10": 70,
    "  block_11.attn": 70,
    "  block_11.ffn": 70,
    "block_11": 70,
    "  block_12.attn": 70,
    "  block_12.ffn": 70,
    "block_12": 70,
    "  block_13.attn": 70,
    "  block_13.ffn": 70,
    "block_13": 70,
    "  block_14.attn": 70,
    "  block_14.ffn": 70,
    "block_14": 70,
    "  block_15.attn": 70,
    "  block_15.ffn": 70,
    "block_15": 70,
    "  block_16.attn": 70,
    "  block_16.ffn": 70,
    "block_16": 70,
    "  block_17.attn": 70,
    "  block_17.ffn": 70,
    "block_17": 70,
    "  block_18.attn": 70,
    "  block_18.ffn": 70,
    "block_18": 70,
    "  block_19.attn": 70,
    "  block_19.ffn": 70,
    "block_19": 70,
    "  block_20.attn": 70,
    "  block_20.ffn": 70,
    "block_20": 70,
    "  block_21.attn": 70,
    "  block_21.ffn": 70,
    "block_21": 70,
    "  block_22.attn": 70,
    "  block_22.ffn": 70,
    "block_22": 70,
    "  block_23.attn": 70,
    "  block_23.ffn": 70,
    "block_23": 70,
    "  block_24.attn": 70,
    "  block_24.ffn": 70,
    "block_24": 70,
    "  block_25.attn": 70,
    "  block_25.ffn": 70,
    "block_25": 70,
    "head": 70
  }
}